dataset,outcome,n_pairs,n_nonzero,baseline_mean,baseline_sd,task_aware_mean,task_aware_sd,mean_difference,bootstrap_bca_95_ci_low,bootstrap_bca_95_ci_high,wilcoxon_w_statistic,wilcoxon_p,rank_biserial,wins,losses,ties,holm_adjusted_p,holm_reject_0_05
UCI Portuguese,final_score,24,20,6.775,2.16197373591416,8.83541666666667,1.01408334777368,2.06041666666667,1.36666666666667,3.03125,0,1.9073486328125E-06,1,20,0,4,,
UCI Portuguese,faithfulness,24,19,6.33333333333333,2.59877340074232,8.875,1.29589653371207,2.54166666666667,1.70833333333333,3.58333333333333,0,3.814697265625E-06,1,19,0,5,2.6702880859375E-05,true
UCI Portuguese,numerical_correctness,24,12,8.125,2.11233437735107,9.79166666666667,0.508977377704052,1.66666666666667,0.958333333333333,2.70833333333333,0,0.00048828125,1,12,0,12,0.0009765625,true
UCI Portuguese,completeness,24,16,6.29166666666667,2.5104852582487,8.20833333333333,2.18650339616687,1.91666666666667,1.20833333333333,3.04166666666667,0,3.0517578125E-05,1,16,0,8,0.000152587890625,true
UCI Portuguese,task_relevance,24,15,7.41666666666667,1.93180849412436,9.04166666666667,1.23285341230492,1.625,1.04166666666667,2.41666666666667,0,6.103515625E-05,1,15,0,9,0.000244140625,true
UCI Portuguese,actionability,24,17,6.125,2.11233437735107,7.79166666666667,1.61458479429574,1.66666666666667,1.08333333333333,2.66666666666667,0,1.52587890625E-05,1,17,0,7,9.1552734375E-05,true
UCI Portuguese,clarity,24,14,8.33333333333333,0.637022057270606,8.83333333333333,0.481543412343077,0.5,0.208333333333333,0.791666666666667,13,0.0096435546875,0.752380952380952,12,2,10,0.0096435546875,true
UCI Portuguese,safety_fairness,24,13,7.08333333333333,1.69183889321049,8.16666666666667,1.12931940514656,1.08333333333333,0.666666666666667,1.54166666666667,0,0.000244140625,1,13,0,11,0.000732421875,true
OULAD,final_score,44,42,6.96136363636364,1.06846247044057,8.50568181818182,0.718300312032777,1.54431818181818,1.27386363636364,1.91590909090909,0,4.54747350886464E-13,1,42,0,2,,
OULAD,faithfulness,44,44,7.22727272727273,1.11779759293612,8.84090909090909,0.479494977454202,1.61363636363636,1.36363636363636,2,0,1.13686837721616E-13,1,44,0,0,7.95807864051312E-13,true
OULAD,numerical_correctness,44,43,7.5,1.02299150920571,8.90909090909091,0.290803363451153,1.40909090909091,1.18181818181818,1.81818181818182,0,2.27373675443232E-13,1,43,0,1,1.13686837721616E-12,true
OULAD,completeness,44,43,6.47727272727273,1.04522471965972,8.79545454545454,0.701478354339437,2.31818181818182,2.04545454545455,2.65909090909091,0,2.27373675443232E-13,1,43,0,1,1.13686837721616E-12,true
OULAD,task_relevance,44,43,7.43181818181818,1.06525959872934,8.86363636363636,0.462093773374107,1.43181818181818,1.18181818181818,1.86363636363636,0,2.27373675443232E-13,1,43,0,1,1.13686837721616E-12,true
OULAD,actionability,44,42,6.68181818181818,0.674199862463242,7.93181818181818,0.254971705929353,1.25,1.06818181818182,1.5,0,4.54747350886464E-13,1,42,0,2,1.13686837721616E-12,true
OULAD,clarity,44,5,7.86363636363636,0.408679614715664,7.95454545454545,0.301511344577764,0.0909090909090909,0,0.25,2.5,0.3125,0.666666666666667,4,1,39,0.3125,false
OULAD,safety_fairness,44,44,6.84090909090909,0.369989429024468,7.97727272727273,0.150755672288882,1.13636363636364,1.04545454545455,1.27272727272727,0,1.13686837721616E-13,1,44,0,0,7.95807864051312E-13,true
