"dataset","task_id","baseline_final_score","task_aware_final_score","winner","baseline_highest_error_severity","task_aware_highest_error_severity"
"UCI Portuguese","A-B01","7.4","9.5","task_aware_data_summarization","major",
"UCI Portuguese","A-B02","8.8","9.75","task_aware_data_summarization","minor",
"UCI Portuguese","A-C01","7.6","9.75","task_aware_data_summarization","major",
"UCI Portuguese","A-C04","6.95","6.95","tie","major","major"
"UCI Portuguese","A-C05","8.2","8.2","tie","minor","minor"
"UCI Portuguese","A-G03","7.1","9.15","task_aware_data_summarization","major",
"UCI Portuguese","A-G04","9.35","9.75","task_aware_data_summarization",,
"UCI Portuguese","A-G12","7.3","7.3","tie","major","major"
"UCI Portuguese","A-G13","5.6","7.9","task_aware_data_summarization","major","major"
"UCI Portuguese","A-S02","7.7","8.25","task_aware_data_summarization","major","major"
"UCI Portuguese","A-S04","9.2","9.65","task_aware_data_summarization","minor",
"UCI Portuguese","A-S05","8.55","9.75","task_aware_data_summarization","major",
"UCI Portuguese","A-S07","5.85","8.55","task_aware_data_summarization","major","minor"
"UCI Portuguese","S-B01","9.15","9.75","task_aware_data_summarization","minor",
"UCI Portuguese","S-B02","5","8.9","task_aware_data_summarization","major","minor"
"UCI Portuguese","S-T01","9.35","9.35","tie","minor","minor"
"UCI Portuguese","S-T02","5","9.75","task_aware_data_summarization","major",
"UCI Portuguese","S-T03","8.65","8.75","task_aware_data_summarization","major","major"
"UCI Portuguese","S-T04","7.9","9.6","task_aware_data_summarization","major","minor"
"UCI Portuguese","S-T07","3","9.75","task_aware_data_summarization","critical",
"UCI Portuguese","S-T09","4.95","7.25","task_aware_data_summarization","major","major"
"UCI Portuguese","S-T13","3","9.85","task_aware_data_summarization","critical",
"UCI Portuguese","S-T14","5","7.4","task_aware_data_summarization","major","major"
"UCI Portuguese","S-T15","2","7.25","task_aware_data_summarization","critical","major"
"OULAD","A-B01","6","8","task_aware_data_summarization","major","minor"
"OULAD","A-B02","7.5","8.75","task_aware_data_summarization","minor",
"OULAD","A-B03","7.7","8.75","task_aware_data_summarization",,
"OULAD","A-B04","7.7","8.75","task_aware_data_summarization",,
"OULAD","A-C01","4","8.75","task_aware_data_summarization","critical",
"OULAD","A-C02","7.7","8.75","task_aware_data_summarization",,
"OULAD","A-C03","7.7","8.75","task_aware_data_summarization",,
"OULAD","A-C05","7.7","8.75","task_aware_data_summarization",,
"OULAD","A-C06","7.7","8.75","task_aware_data_summarization",,
"OULAD","A-G01","5","8","task_aware_data_summarization","major","minor"
"OULAD","A-G02","6","8.75","task_aware_data_summarization","major",
"OULAD","A-G03","7.7","8.75","task_aware_data_summarization",,
"OULAD","A-G04","7.7","8.75","task_aware_data_summarization",,
"OULAD","A-G05","7.7","8.75","task_aware_data_summarization",,
"OULAD","A-G06","6.85","7.75","task_aware_data_summarization","minor","minor"
"OULAD","A-G07","7.7","8.75","task_aware_data_summarization",,
"OULAD","A-G08","6","8.75","task_aware_data_summarization","major",
"OULAD","A-G09","5.8","6","task_aware_data_summarization","major","major"
"OULAD","A-G10","7.7","8.75","task_aware_data_summarization",,
"OULAD","A-G11","7.1","8.75","task_aware_data_summarization","minor",
"OULAD","A-G12","7.7","8.75","task_aware_data_summarization",,
"OULAD","A-G14","6","6","tie","major","major"
"OULAD","A-G15","7.1","8.75","task_aware_data_summarization","minor",
"OULAD","A-G16","6","8.75","task_aware_data_summarization","major",
"OULAD","A-S01","7.7","8.75","task_aware_data_summarization",,
"OULAD","A-S02","7.7","8.75","task_aware_data_summarization",,
"OULAD","A-S03","7.7","8.75","task_aware_data_summarization",,
"OULAD","A-S05","5","8.75","task_aware_data_summarization","major",
"OULAD","A-S06","7.7","8.75","task_aware_data_summarization",,
"OULAD","A-S08","6","8.75","task_aware_data_summarization","major",
"OULAD","S-B01","7.7","8.75","task_aware_data_summarization",,
"OULAD","S-B02","7.55","8.75","task_aware_data_summarization","minor",
"OULAD","S-B03","7.7","8.75","task_aware_data_summarization",,
"OULAD","S-T01","7.7","8.75","task_aware_data_summarization",,
"OULAD","S-T02","7.7","8.75","task_aware_data_summarization",,
"OULAD","S-T03","7.7","8.75","task_aware_data_summarization",,
"OULAD","S-T04","7.7","8.75","task_aware_data_summarization",,
"OULAD","S-T05","7.6","8.75","task_aware_data_summarization","minor",
"OULAD","S-T06","6","6","tie","major","major"
"OULAD","S-T08","6","8.75","task_aware_data_summarization","major",
"OULAD","S-T10","7.7","8.75","task_aware_data_summarization",,
"OULAD","S-T11","4","8.75","task_aware_data_summarization","critical",
"OULAD","S-T12","7.7","8.75","task_aware_data_summarization",,
"OULAD","S-T13","6","8.75","task_aware_data_summarization","major",
