"dataset","file","raw_field","expected_target","expected_transform","expected_scope","accepted_near_targets","is_mappable"
"UCI Portuguese","student-por.csv","school","school","direct_copy","student","","True"
"UCI Portuguese","student-por.csv","sex","gender","normalize_gender","student","","True"
"UCI Portuguese","student-por.csv","age","age_years","direct_copy | cast_int","student","","True"
"UCI Portuguese","student-por.csv","address","residence_area","direct_copy","student","","True"
"UCI Portuguese","student-por.csv","famsize","family_size","direct_copy","student","","True"
"UCI Portuguese","student-por.csv","Pstatus","parent_cohabitation_status","direct_copy","student","","True"
"UCI Portuguese","student-por.csv","Medu","mother_education_level","direct_copy","student","","True"
"UCI Portuguese","student-por.csv","Fedu","father_education_level","direct_copy","student","","True"
"UCI Portuguese","student-por.csv","Mjob","mother_job","direct_copy","student","","True"
"UCI Portuguese","student-por.csv","Fjob","father_job","direct_copy","student","","True"
"UCI Portuguese","student-por.csv","reason",,"ignore",,"","False"
"UCI Portuguese","student-por.csv","guardian","guardian_type","direct_copy","student","","True"
"UCI Portuguese","student-por.csv","traveltime","travel_time","cast_int","student","","True"
"UCI Portuguese","student-por.csv","studytime","studytime","cast_int","enrollment","","True"
"UCI Portuguese","student-por.csv","failures","previous_attempt_count","cast_int","enrollment","","True"
"UCI Portuguese","student-por.csv","schoolsup","school_support_flag","cast_boolean","student","","True"
"UCI Portuguese","student-por.csv","famsup","family_support_flag","cast_boolean","student","","True"
"UCI Portuguese","student-por.csv","paid","has_paid_class","cast_boolean","student","","True"
"UCI Portuguese","student-por.csv","activities","has_extracurricular","cast_boolean","student","","True"
"UCI Portuguese","student-por.csv","nursery",,"ignore",,"","False"
"UCI Portuguese","student-por.csv","higher","higher_education_intent_flag","cast_boolean","student","","True"
"UCI Portuguese","student-por.csv","internet","internet_access_flag","cast_boolean","student","","True"
"UCI Portuguese","student-por.csv","romantic","has_romantic","cast_boolean","student","","True"
"UCI Portuguese","student-por.csv","famrel","family_relation","cast_int","student","","True"
"UCI Portuguese","student-por.csv","freetime","free_time","cast_int","student","","True"
"UCI Portuguese","student-por.csv","goout","go_out_freq","cast_int","student","","True"
"UCI Portuguese","student-por.csv","Dalc","alcohol_weekday","cast_int","student","","True"
"UCI Portuguese","student-por.csv","Walc","alcohol_weekend","cast_int","student","","True"
"UCI Portuguese","student-por.csv","health","health_status","cast_int","student","","True"
"UCI Portuguese","student-por.csv","absences","absence_count","cast_int","enrollment","","True"
"UCI Portuguese","student-por.csv","G1","score_normalized","normalize_score","assessment","","True"
"UCI Portuguese","student-por.csv","G2","score_normalized","normalize_score","assessment","","True"
"UCI Portuguese","student-por.csv","G3","score_normalized","normalize_score","assessment","","True"
"OULAD","assessments.csv","code_module","course_id","direct_copy","course","course_name","True"
"OULAD","assessments.csv","code_presentation","course_run","direct_copy","course","","True"
"OULAD","assessments.csv","id_assessment","assessment_id","direct_copy","assessment","","True"
"OULAD","assessments.csv","assessment_type","assessment_type","direct_copy","assessment","","True"
"OULAD","assessments.csv","date","assessment_due_day","cast_int","assessment","","True"
"OULAD","assessments.csv","weight","assessment_weight_pct","cast_float","assessment","","True"
"OULAD","courses.csv","code_module","course_id","direct_copy","course","course_name","True"
"OULAD","courses.csv","code_presentation","course_run","direct_copy","course","","True"
"OULAD","courses.csv","module_presentation_length","course_duration_days","cast_int","course","","True"
"OULAD","studentAssessment.csv","id_assessment","assessment_id","direct_copy","assessment","","True"
"OULAD","studentAssessment.csv","id_student","student_id","direct_copy","student","","True"
"OULAD","studentAssessment.csv","date_submitted","submission_day","cast_int","assessment","","True"
"OULAD","studentAssessment.csv","is_banked","is_banked","cast_boolean","assessment","","True"
"OULAD","studentAssessment.csv","score","score_normalized","normalize_score","assessment","","True"
"OULAD","studentInfo.csv","code_module","course_id","direct_copy","course","course_name","True"
"OULAD","studentInfo.csv","code_presentation","course_run","direct_copy","course","","True"
"OULAD","studentInfo.csv","id_student","student_id","direct_copy","student","","True"
"OULAD","studentInfo.csv","gender","gender","normalize_gender","student","","True"
"OULAD","studentInfo.csv","region","region","direct_copy","student","","True"
"OULAD","studentInfo.csv","highest_education","highest_education","direct_copy","student","","True"
"OULAD","studentInfo.csv","imd_band","socioeconomic_band","direct_copy","student","","True"
"OULAD","studentInfo.csv","age_band","age_group","direct_copy","student","","True"
"OULAD","studentInfo.csv","num_of_prev_attempts","previous_attempt_count","cast_int","enrollment","","True"
"OULAD","studentInfo.csv","studied_credits","study_load_credits","cast_int","enrollment","","True"
"OULAD","studentInfo.csv","disability","disability_flag","cast_boolean","student","","True"
"OULAD","studentInfo.csv","final_result","final_outcome","direct_copy","enrollment","","True"
"OULAD","studentRegistration.csv","code_module","course_id","direct_copy","course","course_name","True"
"OULAD","studentRegistration.csv","code_presentation","course_run","direct_copy","course","","True"
"OULAD","studentRegistration.csv","id_student","student_id","direct_copy","student","","True"
"OULAD","studentRegistration.csv","date_registration","enrollment_start_day","cast_int","enrollment","","True"
"OULAD","studentRegistration.csv","date_unregistration","enrollment_end_day","cast_int","enrollment","","True"
"OULAD","studentVle.csv","code_module","course_id","direct_copy","course","course_name","True"
"OULAD","studentVle.csv","code_presentation","course_run","direct_copy","course","","True"
"OULAD","studentVle.csv","id_student","student_id","direct_copy","student","","True"
"OULAD","studentVle.csv","id_site","resource_id","direct_copy","engagement_event","","True"
"OULAD","studentVle.csv","date","event_day","cast_int","engagement_event","","True"
"OULAD","studentVle.csv","sum_click","engagement_count","cast_int","engagement_event","","True"
"OULAD","vle.csv","id_site","resource_id","direct_copy","engagement_event","","True"
"OULAD","vle.csv","code_module","course_id","direct_copy","course","course_name","True"
"OULAD","vle.csv","code_presentation","course_run","direct_copy","course","","True"
"OULAD","vle.csv","activity_type","resource_type","direct_copy","engagement_event","","True"
"OULAD","vle.csv","week_from","available_from_week","cast_int","engagement_event","","True"
"OULAD","vle.csv","week_to","available_to_week","cast_int","engagement_event","","True"
