"dataset","file","raw_field","expected_target","expected_transform","expected_scope","actual_target","actual_transform","actual_scope","confidence","category"
"UCI Portuguese","student-por.csv","school","school","direct_copy","student","school","direct_copy","student","1","exact"
"UCI Portuguese","student-por.csv","sex","gender","normalize_gender","student","gender","normalize_gender","student","0.99","exact"
"UCI Portuguese","student-por.csv","age","age_years","direct_copy | cast_int","student","age_years","direct_copy","student","1","exact"
"UCI Portuguese","student-por.csv","address","residence_area","direct_copy","student","residence_area","direct_copy","student","0.95","exact"
"UCI Portuguese","student-por.csv","famsize","family_size","direct_copy","student","family_size","direct_copy","student","1","exact"
"UCI Portuguese","student-por.csv","Pstatus","parent_cohabitation_status","direct_copy","student","parent_cohabitation_status","direct_copy","student","0.97","exact"
"UCI Portuguese","student-por.csv","Medu","mother_education_level","direct_copy","student","mother_education_level","direct_copy","student","0.97","exact"
"UCI Portuguese","student-por.csv","Fedu","father_education_level","direct_copy","student","father_education_level","direct_copy","student","0.97","exact"
"UCI Portuguese","student-por.csv","Mjob","mother_job","direct_copy","student","mother_job","direct_copy","student","0.97","exact"
"UCI Portuguese","student-por.csv","Fjob","father_job","direct_copy","student","father_job","direct_copy","student","0.97","exact"
"UCI Portuguese","student-por.csv","reason",,"ignore",,,"ignore",,"0.08","correctly_excluded"
"UCI Portuguese","student-por.csv","guardian","guardian_type","direct_copy","student","guardian_type","direct_copy","student","0.97","exact"
"UCI Portuguese","student-por.csv","traveltime","travel_time","cast_int","student","travel_time","cast_int","student","0.96","exact"
"UCI Portuguese","student-por.csv","studytime","studytime","cast_int","enrollment","studytime","cast_int","enrollment","0.95","exact"
"UCI Portuguese","student-por.csv","failures","previous_attempt_count","cast_int","enrollment","previous_attempt_count","cast_int","enrollment","0.95","exact"
"UCI Portuguese","student-por.csv","schoolsup","school_support_flag","cast_boolean","student","school_support_flag","cast_boolean","student","0.98","exact"
"UCI Portuguese","student-por.csv","famsup","family_support_flag","cast_boolean","student","family_support_flag","cast_boolean","student","0.98","exact"
"UCI Portuguese","student-por.csv","paid","has_paid_class","cast_boolean","student","has_paid_class","cast_boolean","student","0.98","exact"
"UCI Portuguese","student-por.csv","activities","has_extracurricular","cast_boolean","student","has_extracurricular","cast_boolean","student","0.98","exact"
"UCI Portuguese","student-por.csv","nursery",,"ignore",,,"ignore",,"0.11","correctly_excluded"
"UCI Portuguese","student-por.csv","higher","higher_education_intent_flag","cast_boolean","student","higher_education_intent_flag","cast_boolean","student","0.98","exact"
"UCI Portuguese","student-por.csv","internet","internet_access_flag","cast_boolean","student","internet_access_flag","cast_boolean","student","0.98","exact"
"UCI Portuguese","student-por.csv","romantic","has_romantic","cast_boolean","student","has_romantic","cast_boolean","student","0.98","exact"
"UCI Portuguese","student-por.csv","famrel","family_relation","cast_int","student","family_relation","cast_int","student","0.96","exact"
"UCI Portuguese","student-por.csv","freetime","free_time","cast_int","student","free_time","cast_int","student","0.96","exact"
"UCI Portuguese","student-por.csv","goout","go_out_freq","cast_int","student","go_out_freq","cast_int","student","0.96","exact"
"UCI Portuguese","student-por.csv","Dalc","alcohol_weekday","cast_int","student","alcohol_weekday","cast_int","student","0.96","exact"
"UCI Portuguese","student-por.csv","Walc","alcohol_weekend","cast_int","student","alcohol_weekend","cast_int","student","0.96","exact"
"UCI Portuguese","student-por.csv","health","health_status","cast_int","student","health_status","cast_int","student","0.96","exact"
"UCI Portuguese","student-por.csv","absences","absence_count","cast_int","enrollment","absence_count","cast_int","enrollment","0.96","exact"
"UCI Portuguese","student-por.csv","G1","score_normalized","normalize_score","assessment","score_normalized","normalize_score","assessment","0.98","exact"
"UCI Portuguese","student-por.csv","G2","score_normalized","normalize_score","assessment","score_normalized","normalize_score","assessment","0.98","exact"
"UCI Portuguese","student-por.csv","G3","score_normalized","normalize_score","assessment","score_normalized","normalize_score","assessment","0.98","exact"
"OULAD","assessments.csv","code_module","course_id","direct_copy","course","course_name","direct_copy","course","0.78","near_correct"
"OULAD","assessments.csv","code_presentation","course_run","direct_copy","course","course_run","direct_copy","course","0.97","exact"
"OULAD","assessments.csv","id_assessment","assessment_id","direct_copy","assessment","assessment_id","direct_copy","assessment","0.98","exact"
"OULAD","assessments.csv","assessment_type","assessment_type","direct_copy","assessment","assessment_type","direct_copy","assessment","0.97","exact"
"OULAD","assessments.csv","date","assessment_due_day","cast_int","assessment","event_day","cast_int","engagement_event","0.96","wrong"
"OULAD","assessments.csv","weight","assessment_weight_pct","cast_float","assessment","assessment_weight_pct","cast_float","assessment","0.96","exact"
"OULAD","courses.csv","code_module","course_id","direct_copy","course","course_name","direct_copy","course","0.78","near_correct"
"OULAD","courses.csv","code_presentation","course_run","direct_copy","course","course_run","direct_copy","course","0.97","exact"
"OULAD","courses.csv","module_presentation_length","course_duration_days","cast_int","course","course_run","direct_copy","course","0.72","wrong"
"OULAD","studentAssessment.csv","id_assessment","assessment_id","direct_copy","assessment","assessment_id","direct_copy","assessment","0.98","exact"
"OULAD","studentAssessment.csv","id_student","student_id","direct_copy","student","student_id","direct_copy","student","0.99","exact"
"OULAD","studentAssessment.csv","date_submitted","submission_day","cast_int","assessment","submission_day","cast_int","assessment","0.97","exact"
"OULAD","studentAssessment.csv","is_banked","is_banked","cast_boolean","assessment","is_banked","cast_boolean","assessment","0.97","exact"
"OULAD","studentAssessment.csv","score","score_normalized","normalize_score","assessment","score_normalized","normalize_score","assessment","0.97","exact"
"OULAD","studentInfo.csv","code_module","course_id","direct_copy","course","course_name","direct_copy","course","0.78","near_correct"
"OULAD","studentInfo.csv","code_presentation","course_run","direct_copy","course","course_run","direct_copy","course","0.97","exact"
"OULAD","studentInfo.csv","id_student","student_id","direct_copy","student","student_id","direct_copy","student","0.99","exact"
"OULAD","studentInfo.csv","gender","gender","normalize_gender","student","gender","normalize_gender","student","0.98","exact"
"OULAD","studentInfo.csv","region","region","direct_copy","student","region","direct_copy","student","0.97","exact"
"OULAD","studentInfo.csv","highest_education","highest_education","direct_copy","student","highest_education","direct_copy","student","0.97","exact"
"OULAD","studentInfo.csv","imd_band","socioeconomic_band","direct_copy","student","socioeconomic_band","direct_copy","student","0.97","exact"
"OULAD","studentInfo.csv","age_band","age_group","direct_copy","student","age_group","direct_copy","student","0.97","exact"
"OULAD","studentInfo.csv","num_of_prev_attempts","previous_attempt_count","cast_int","enrollment","previous_attempt_count","cast_int","student","0.95","near_correct"
"OULAD","studentInfo.csv","studied_credits","study_load_credits","cast_int","enrollment","study_load_credits","cast_int","course","0.96","near_correct"
"OULAD","studentInfo.csv","disability","disability_flag","cast_boolean","student","disability_flag","cast_boolean","student","0.97","exact"
"OULAD","studentInfo.csv","final_result","final_outcome","direct_copy","enrollment","final_outcome","direct_copy","student","0.98","near_correct"
"OULAD","studentRegistration.csv","code_module","course_id","direct_copy","course","course_name","direct_copy","course","0.78","near_correct"
"OULAD","studentRegistration.csv","code_presentation","course_run","direct_copy","course","course_run","direct_copy","course","0.97","exact"
"OULAD","studentRegistration.csv","id_student","student_id","direct_copy","student","student_id","direct_copy","student","0.99","exact"
"OULAD","studentRegistration.csv","date_registration","enrollment_start_day","cast_int","enrollment","enrollment_start_day","cast_int","course","1","near_correct"
"OULAD","studentRegistration.csv","date_unregistration","enrollment_end_day","cast_int","enrollment","enrollment_end_day","cast_int","course","1","near_correct"
"OULAD","studentVle.csv","code_module","course_id","direct_copy","course","course_name","direct_copy","course","0.78","near_correct"
"OULAD","studentVle.csv","code_presentation","course_run","direct_copy","course","course_run","direct_copy","course","0.97","exact"
"OULAD","studentVle.csv","id_student","student_id","direct_copy","student","student_id","direct_copy","student","0.99","exact"
"OULAD","studentVle.csv","id_site","resource_id","direct_copy","engagement_event","resource_id","direct_copy","engagement_event","0.96","exact"
"OULAD","studentVle.csv","date","event_day","cast_int","engagement_event","event_day","cast_int","engagement_event","0.96","exact"
"OULAD","studentVle.csv","sum_click","engagement_count","cast_int","engagement_event","engagement_count","cast_int","engagement_event","0.97","exact"
"OULAD","vle.csv","id_site","resource_id","direct_copy","engagement_event","resource_id","direct_copy","engagement_event","0.96","exact"
"OULAD","vle.csv","code_module","course_id","direct_copy","course","course_name","direct_copy","course","0.78","near_correct"
"OULAD","vle.csv","code_presentation","course_run","direct_copy","course","course_run","direct_copy","course","0.97","exact"
"OULAD","vle.csv","activity_type","resource_type","direct_copy","engagement_event","resource_type","direct_copy","engagement_event","0.96","exact"
"OULAD","vle.csv","week_from","available_from_week","cast_int","engagement_event","week_number","direct_copy","engagement_event","0.76","wrong"
"OULAD","vle.csv","week_to","available_to_week","cast_int","engagement_event","week_number","direct_copy","engagement_event","0.76","wrong"
