"dataset","task_id","status","executable","structural","semantic","analytical","data_sufficiency","confidence"
"UCI Portuguese","S-B01","executable","True","pass","pass","pass","pass","HIGH"
"UCI Portuguese","S-B02","executable","True","pass","pass","pass","pass","HIGH"
"UCI Portuguese","S-B03","insufficient_data","False","pass","fail","pass","fail","LOW"
"UCI Portuguese","S-T01","executable","True","pass","pass","pass","pass","HIGH"
"UCI Portuguese","S-T02","executable","True","pass","pass","pass","pass","HIGH"
"UCI Portuguese","S-T03","executable","True","pass","pass","pass","pass","HIGH"
"UCI Portuguese","S-T04","executable","True","pass","pass","pass","pass","HIGH"
"UCI Portuguese","S-T05","insufficient_data","False","pass","fail","pass","fail","LOW"
"UCI Portuguese","S-T06","insufficient_data","False","pass","fail","pass","fail","LOW"
"UCI Portuguese","S-T07","executable","True","pass","pass","pass","pass","HIGH"
"UCI Portuguese","S-T08","partial","False","pass","fail","pass","pass","HIGH"
"UCI Portuguese","S-T09","executable","True","pass","pass","pass","pass","HIGH"
"UCI Portuguese","S-T10","insufficient_data","False","pass","fail","pass","fail","LOW"
"UCI Portuguese","S-T11","partial","False","pass","fail","pass","pass","HIGH"
"UCI Portuguese","S-T12","partial","False","pass","fail","pass","pass","HIGH"
"UCI Portuguese","S-T13","executable","True","pass","pass","pass","pass","HIGH"
"UCI Portuguese","S-T14","executable","True","pass","pass","pass","pass","HIGH"
"UCI Portuguese","S-T15","executable","True","pass","pass","pass","pass","HIGH"
"UCI Portuguese","A-B01","executable","True","pass","pass","pass","pass","HIGH"
"UCI Portuguese","A-B02","executable","True","pass","pass","pass","pass","HIGH"
"UCI Portuguese","A-B03","insufficient_data","False","pass","fail","pass","fail","LOW"
"UCI Portuguese","A-B04","insufficient_data","False","pass","fail","pass","fail","LOW"
"UCI Portuguese","A-S01","insufficient_data","False","pass","fail","pass","fail","LOW"
"UCI Portuguese","A-S02","executable","True","pass","pass","pass","pass","HIGH"
"UCI Portuguese","A-S03","insufficient_data","False","pass","fail","pass","fail","LOW"
"UCI Portuguese","A-S04","executable","True","pass","pass","pass","pass","HIGH"
"UCI Portuguese","A-S05","executable","True","pass","pass","pass","pass","HIGH"
"UCI Portuguese","A-S06","partial","False","pass","fail","pass","pass","HIGH"
"UCI Portuguese","A-S07","executable","True","pass","pass","pass","pass","HIGH"
"UCI Portuguese","A-S08","insufficient_data","False","pass","fail","pass","fail","LOW"
"UCI Portuguese","A-C01","executable","True","pass","pass","pass","pass","HIGH"
"UCI Portuguese","A-C02","insufficient_data","False","pass","fail","pass","fail","LOW"
"UCI Portuguese","A-C03","insufficient_data","False","pass","fail","pass","fail","LOW"
"UCI Portuguese","A-C04","executable","True","pass","pass","pass","pass","HIGH"
"UCI Portuguese","A-C05","executable","True","pass","pass","pass","pass","HIGH"
"UCI Portuguese","A-C06","insufficient_data","False","pass","fail","pass","fail","LOW"
"UCI Portuguese","A-G01","insufficient_data","False","pass","fail","pass","fail","LOW"
"UCI Portuguese","A-G02","insufficient_data","False","pass","fail","pass","fail","LOW"
"UCI Portuguese","A-G03","executable","True","pass","pass","pass","pass","HIGH"
"UCI Portuguese","A-G04","executable","True","pass","pass","pass","pass","HIGH"
"UCI Portuguese","A-G05","partial","False","pass","fail","pass","pass","HIGH"
"UCI Portuguese","A-G06","insufficient_data","False","pass","fail","pass","fail","LOW"
"UCI Portuguese","A-G07","insufficient_data","False","pass","fail","pass","fail","LOW"
"UCI Portuguese","A-G08","insufficient_data","False","pass","fail","pass","fail","LOW"
"UCI Portuguese","A-G09","partial","False","pass","fail","pass","pass","HIGH"
"UCI Portuguese","A-G10","insufficient_data","False","pass","fail","pass","fail","LOW"
"UCI Portuguese","A-G11","insufficient_data","False","pass","fail","pass","fail","LOW"
"UCI Portuguese","A-G12","executable","True","pass","pass","pass","pass","HIGH"
"UCI Portuguese","A-G13","executable","True","pass","pass","pass","pass","HIGH"
"UCI Portuguese","A-G14","insufficient_data","False","pass","fail","pass","fail","LOW"
"UCI Portuguese","A-G15","insufficient_data","False","pass","fail","pass","fail","LOW"
"UCI Portuguese","A-G16","insufficient_data","False","pass","fail","pass","fail","LOW"
"OULAD","S-B01","executable","True","pass","pass","pass","pass","HIGH"
"OULAD","S-B02","executable","True","pass","pass","pass","pass","HIGH"
"OULAD","S-B03","executable","True","pass","pass","pass","pass","HIGH"
"OULAD","S-T01","executable","True","pass","pass","pass","pass","HIGH"
"OULAD","S-T02","executable","True","pass","pass","pass","pass","HIGH"
"OULAD","S-T03","executable","True","pass","pass","pass","pass","HIGH"
"OULAD","S-T04","executable","True","pass","pass","pass","pass","HIGH"
"OULAD","S-T05","executable","True","pass","pass","pass","pass","HIGH"
"OULAD","S-T06","executable","True","pass","pass","pass","pass","HIGH"
"OULAD","S-T07","partial","False","pass","fail","pass","pass","HIGH"
"OULAD","S-T08","executable","True","pass","pass","pass","pass","HIGH"
"OULAD","S-T09","partial","False","pass","fail","pass","pass","HIGH"
"OULAD","S-T10","executable","True","pass","pass","pass","pass","HIGH"
"OULAD","S-T11","executable","True","pass","pass","pass","pass","HIGH"
"OULAD","S-T12","executable","True","pass","pass","pass","pass","HIGH"
"OULAD","S-T13","executable","True","pass","pass","pass","pass","HIGH"
"OULAD","S-T14","partial","False","pass","fail","pass","pass","HIGH"
"OULAD","S-T15","partial","False","pass","fail","pass","pass","HIGH"
"OULAD","A-B01","executable","True","pass","pass","pass","pass","HIGH"
"OULAD","A-B02","executable","True","pass","pass","pass","pass","HIGH"
"OULAD","A-B03","executable","True","pass","pass","pass","pass","HIGH"
"OULAD","A-B04","executable","True","pass","pass","pass","pass","HIGH"
"OULAD","A-S01","executable","True","pass","pass","pass","pass","HIGH"
"OULAD","A-S02","executable","True","pass","pass","pass","pass","HIGH"
"OULAD","A-S03","executable","True","pass","pass","pass","pass","HIGH"
"OULAD","A-S04","partial","False","pass","fail","pass","pass","HIGH"
"OULAD","A-S05","executable","True","pass","pass","pass","pass","HIGH"
"OULAD","A-S06","executable","True","pass","pass","pass","pass","HIGH"
"OULAD","A-S07","partial","False","pass","fail","pass","pass","HIGH"
"OULAD","A-S08","executable","True","pass","pass","pass","pass","HIGH"
"OULAD","A-C01","executable","True","pass","pass","pass","pass","HIGH"
"OULAD","A-C02","executable","True","pass","pass","pass","pass","HIGH"
"OULAD","A-C03","executable","True","pass","pass","pass","pass","HIGH"
"OULAD","A-C04","partial","False","pass","fail","pass","pass","HIGH"
"OULAD","A-C05","executable","True","pass","pass","pass","pass","HIGH"
"OULAD","A-C06","executable","True","pass","pass","pass","pass","HIGH"
"OULAD","A-G01","executable","True","pass","pass","pass","pass","HIGH"
"OULAD","A-G02","executable","True","pass","pass","pass","pass","HIGH"
"OULAD","A-G03","executable","True","pass","pass","pass","pass","HIGH"
"OULAD","A-G04","executable","True","pass","pass","pass","pass","HIGH"
"OULAD","A-G05","executable","True","pass","pass","pass","pass","HIGH"
"OULAD","A-G06","executable","True","pass","pass","pass","pass","HIGH"
"OULAD","A-G07","executable","True","pass","pass","pass","pass","HIGH"
"OULAD","A-G08","executable","True","pass","pass","pass","pass","HIGH"
"OULAD","A-G09","executable","True","pass","pass","pass","pass","HIGH"
"OULAD","A-G10","executable","True","pass","pass","pass","pass","HIGH"
"OULAD","A-G11","executable","True","pass","pass","pass","pass","HIGH"
"OULAD","A-G12","executable","True","pass","pass","pass","pass","HIGH"
"OULAD","A-G13","partial","False","pass","fail","pass","pass","HIGH"
"OULAD","A-G14","executable","True","pass","pass","pass","pass","HIGH"
"OULAD","A-G15","executable","True","pass","pass","pass","pass","HIGH"
"OULAD","A-G16","executable","True","pass","pass","pass","pass","HIGH"
